bad_homography_shape,case_id,checkerboard,coordinate_mode,difference_mean,elapsed_s,error,inlier_ratio,inliers,match_count,matches,ok,opt_edge_mean,opt_gray_std,padding_filtered_count,poor_spatial_coverage,raw_match_count,registered_preview,registration_reliable,resize_mode,rmse,season,selected_extractor,stem,tier,total_ms,variant
False,fall_tier_1_of_3_ROIs1970_fall_79_p361,C:\Users\86158\Desktop\codxRoot\workspace\letterbox_real_pairs_20260428\fall_tier_1_of_3_ROIs1970_fall_79_p361\stretch\checkerboard.png,stretched_canvas,83.8686,9.21,,0.4737,9,19,C:\Users\86158\Desktop\codxRoot\workspace\letterbox_real_pairs_20260428\fall_tier_1_of_3_ROIs1970_fall_79_p361\stretch\lightglue_matches.png,True,14.099777,18.542678,0,False,19,C:\Users\86158\Desktop\codxRoot\workspace\letterbox_real_pairs_20260428\fall_tier_1_of_3_ROIs1970_fall_79_p361\stretch\sar_registered.png,True,stretch,0.9459,fall,superpoint,ROIs1970_fall_79_p361,tier_1_of_3,3354.17,square
False,fall_tier_1_of_3_ROIs1970_fall_79_p361,C:\Users\86158\Desktop\codxRoot\workspace\letterbox_real_pairs_20260428\fall_tier_1_of_3_ROIs1970_fall_79_p361\letterbox\checkerboard_original.png,letterbox_with_original_backprojection,83.0156,8.18,,0.4737,9,19,C:\Users\86158\Desktop\codxRoot\workspace\letterbox_real_pairs_20260428\fall_tier_1_of_3_ROIs1970_fall_79_p361\letterbox\lightglue_matches.png,True,14.099777,18.542678,0,False,19,C:\Users\86158\Desktop\codxRoot\workspace\letterbox_real_pairs_20260428\fall_tier_1_of_3_ROIs1970_fall_79_p361\letterbox\sar_registered_original.png,True,letterbox,0.9459,fall,superpoint,ROIs1970_fall_79_p361,tier_1_of_3,3353.27,square
True,fall_tier_1_of_3_ROIs1970_fall_79_p361_aspect,C:\Users\86158\Desktop\codxRoot\workspace\letterbox_real_pairs_20260428\fall_tier_1_of_3_ROIs1970_fall_79_p361_aspect\stretch\checkerboard.png,stretched_canvas,71.2259,7.52,,0.3043,7,23,C:\Users\86158\Desktop\codxRoot\workspace\letterbox_real_pairs_20260428\fall_tier_1_of_3_ROIs1970_fall_79_p361_aspect\stretch\lightglue_matches.png,True,14.099777,18.542678,0,False,23,C:\Users\86158\Desktop\codxRoot\workspace\letterbox_real_pairs_20260428\fall_tier_1_of_3_ROIs1970_fall_79_p361_aspect\stretch\sar_registered.png,False,stretch,1.1397,fall,aliked,ROIs1970_fall_79_p361,tier_1_of_3,2718.36,aspect_stress
True,fall_tier_1_of_3_ROIs1970_fall_79_p361_aspect,C:\Users\86158\Desktop\codxRoot\workspace\letterbox_real_pairs_20260428\fall_tier_1_of_3_ROIs1970_fall_79_p361_aspect\letterbox\checkerboard_original.png,letterbox_with_original_backprojection,68.7504,7.41,,0.625,5,8,C:\Users\86158\Desktop\codxRoot\workspace\letterbox_real_pairs_20260428\fall_tier_1_of_3_ROIs1970_fall_79_p361_aspect\letterbox\lightglue_matches.png,True,14.099777,18.542678,0,True,8,C:\Users\86158\Desktop\codxRoot\workspace\letterbox_real_pairs_20260428\fall_tier_1_of_3_ROIs1970_fall_79_p361_aspect\letterbox\sar_registered_original.png,False,letterbox,0.6809,fall,superpoint,ROIs1970_fall_79_p361,tier_1_of_3,2733.25,aspect_stress
False,fall_tier_2_of_3_ROIs1970_fall_16_p821,C:\Users\86158\Desktop\codxRoot\workspace\letterbox_real_pairs_20260428\fall_tier_2_of_3_ROIs1970_fall_16_p821\stretch\checkerboard.png,stretched_canvas,85.3677,8.0,,0.3679,39,106,C:\Users\86158\Desktop\codxRoot\workspace\letterbox_real_pairs_20260428\fall_tier_2_of_3_ROIs1970_fall_16_p821\stretch\lightglue_matches.png,True,27.461548,43.52864,0,False,106,C:\Users\86158\Desktop\codxRoot\workspace\letterbox_real_pairs_20260428\fall_tier_2_of_3_ROIs1970_fall_16_p821\stretch\sar_registered.png,True,stretch,1.9594,fall,superpoint,ROIs1970_fall_16_p821,tier_2_of_3,3295.8,square
False,fall_tier_2_of_3_ROIs1970_fall_16_p821,C:\Users\86158\Desktop\codxRoot\workspace\letterbox_real_pairs_20260428\fall_tier_2_of_3_ROIs1970_fall_16_p821\letterbox\checkerboard_original.png,letterbox_with_original_backprojection,84.8128,7.92,,0.3679,39,106,C:\Users\86158\Desktop\codxRoot\workspace\letterbox_real_pairs_20260428\fall_tier_2_of_3_ROIs1970_fall_16_p821\letterbox\lightglue_matches.png,True,27.461548,43.52864,0,False,106,C:\Users\86158\Desktop\codxRoot\workspace\letterbox_real_pairs_20260428\fall_tier_2_of_3_ROIs1970_fall_16_p821\letterbox\sar_registered_original.png,True,letterbox,1.9594,fall,superpoint,ROIs1970_fall_16_p821,tier_2_of_3,2732.8,square
False,fall_tier_2_of_3_ROIs1970_fall_16_p821_aspect,C:\Users\86158\Desktop\codxRoot\workspace\letterbox_real_pairs_20260428\fall_tier_2_of_3_ROIs1970_fall_16_p821_aspect\stretch\checkerboard.png,stretched_canvas,84.8345,7.83,,0.2444,22,90,C:\Users\86158\Desktop\codxRoot\workspace\letterbox_real_pairs_20260428\fall_tier_2_of_3_ROIs1970_fall_16_p821_aspect\stretch\lightglue_matches.png,True,27.461548,43.52864,0,False,90,C:\Users\86158\Desktop\codxRoot\workspace\letterbox_real_pairs_20260428\fall_tier_2_of_3_ROIs1970_fall_16_p821_aspect\stretch\sar_registered.png,False,stretch,1.8895,fall,superpoint,ROIs1970_fall_16_p821,tier_2_of_3,2842.05,aspect_stress
False,fall_tier_2_of_3_ROIs1970_fall_16_p821_aspect,C:\Users\86158\Desktop\codxRoot\workspace\letterbox_real_pairs_20260428\fall_tier_2_of_3_ROIs1970_fall_16_p821_aspect\letterbox\checkerboard_original.png,letterbox_with_original_backprojection,82.9635,8.36,,0.4,16,40,C:\Users\86158\Desktop\codxRoot\workspace\letterbox_real_pairs_20260428\fall_tier_2_of_3_ROIs1970_fall_16_p821_aspect\letterbox\lightglue_matches.png,True,27.461548,43.52864,0,False,40,C:\Users\86158\Desktop\codxRoot\workspace\letterbox_real_pairs_20260428\fall_tier_2_of_3_ROIs1970_fall_16_p821_aspect\letterbox\sar_registered_original.png,True,letterbox,1.7642,fall,aliked,ROIs1970_fall_16_p821,tier_2_of_3,3126.27,aspect_stress
True,fall_tier_3_of_3_ROIs1970_fall_74_p485,C:\Users\86158\Desktop\codxRoot\workspace\letterbox_real_pairs_20260428\fall_tier_3_of_3_ROIs1970_fall_74_p485\stretch\checkerboard.png,stretched_canvas,116.6023,7.32,,0.1429,6,42,C:\Users\86158\Desktop\codxRoot\workspace\letterbox_real_pairs_20260428\fall_tier_3_of_3_ROIs1970_fall_74_p485\stretch\lightglue_matches.png,True,82.234344,41.905162,0,False,42,C:\Users\86158\Desktop\codxRoot\workspace\letterbox_real_pairs_20260428\fall_tier_3_of_3_ROIs1970_fall_74_p485\stretch\sar_registered.png,False,stretch,1.1984,fall,superpoint,ROIs1970_fall_74_p485,tier_3_of_3,2633.93,square
True,fall_tier_3_of_3_ROIs1970_fall_74_p485,C:\Users\86158\Desktop\codxRoot\workspace\letterbox_real_pairs_20260428\fall_tier_3_of_3_ROIs1970_fall_74_p485\letterbox\checkerboard_original.png,letterbox_with_original_backprojection,116.6023,7.55,,0.1429,6,42,C:\Users\86158\Desktop\codxRoot\workspace\letterbox_real_pairs_20260428\fall_tier_3_of_3_ROIs1970_fall_74_p485\letterbox\lightglue_matches.png,True,82.234344,41.905162,0,False,42,C:\Users\86158\Desktop\codxRoot\workspace\letterbox_real_pairs_20260428\fall_tier_3_of_3_ROIs1970_fall_74_p485\letterbox\sar_registered_original.png,False,letterbox,1.1984,fall,superpoint,ROIs1970_fall_74_p485,tier_3_of_3,2840.97,square
True,fall_tier_3_of_3_ROIs1970_fall_74_p485_aspect,C:\Users\86158\Desktop\codxRoot\workspace\letterbox_real_pairs_20260428\fall_tier_3_of_3_ROIs1970_fall_74_p485_aspect\stretch\checkerboard.png,stretched_canvas,116.4229,7.37,,0.1515,5,33,C:\Users\86158\Desktop\codxRoot\workspace\letterbox_real_pairs_20260428\fall_tier_3_of_3_ROIs1970_fall_74_p485_aspect\stretch\lightglue_matches.png,True,82.234344,41.905162,0,False,33,C:\Users\86158\Desktop\codxRoot\workspace\letterbox_real_pairs_20260428\fall_tier_3_of_3_ROIs1970_fall_74_p485_aspect\stretch\sar_registered.png,False,stretch,0.4046,fall,superpoint,ROIs1970_fall_74_p485,tier_3_of_3,2706.79,aspect_stress
True,fall_tier_3_of_3_ROIs1970_fall_74_p485_aspect,C:\Users\86158\Desktop\codxRoot\workspace\letterbox_real_pairs_20260428\fall_tier_3_of_3_ROIs1970_fall_74_p485_aspect\letterbox\checkerboard_original.png,letterbox_with_original_backprojection,114.3675,7.86,,0.3571,5,14,C:\Users\86158\Desktop\codxRoot\workspace\letterbox_real_pairs_20260428\fall_tier_3_of_3_ROIs1970_fall_74_p485_aspect\letterbox\lightglue_matches.png,True,82.234344,41.905162,2,False,16,C:\Users\86158\Desktop\codxRoot\workspace\letterbox_real_pairs_20260428\fall_tier_3_of_3_ROIs1970_fall_74_p485_aspect\letterbox\sar_registered_original.png,False,letterbox,0.5549,fall,superpoint,ROIs1970_fall_74_p485,tier_3_of_3,3097.02,aspect_stress
False,spring_tier_1_of_3_ROIs1158_spring_78_p215,C:\Users\86158\Desktop\codxRoot\workspace\letterbox_real_pairs_20260428\spring_tier_1_of_3_ROIs1158_spring_78_p215\stretch\checkerboard.png,stretched_canvas,42.6366,8.54,,0.2353,8,34,C:\Users\86158\Desktop\codxRoot\workspace\letterbox_real_pairs_20260428\spring_tier_1_of_3_ROIs1158_spring_78_p215\stretch\lightglue_matches.png,True,14.597397,19.189079,0,False,34,C:\Users\86158\Desktop\codxRoot\workspace\letterbox_real_pairs_20260428\spring_tier_1_of_3_ROIs1158_spring_78_p215\stretch\sar_registered.png,False,stretch,1.2576,spring,aliked,ROIs1158_spring_78_p215,tier_1_of_3,3200.38,square
False,spring_tier_1_of_3_ROIs1158_spring_78_p215,C:\Users\86158\Desktop\codxRoot\workspace\letterbox_real_pairs_20260428\spring_tier_1_of_3_ROIs1158_spring_78_p215\letterbox\checkerboard_original.png,letterbox_with_original_backprojection,42.1418,7.45,,0.2353,8,34,C:\Users\86158\Desktop\codxRoot\workspace\letterbox_real_pairs_20260428\spring_tier_1_of_3_ROIs1158_spring_78_p215\letterbox\lightglue_matches.png,True,14.597397,19.189079,0,False,34,C:\Users\86158\Desktop\codxRoot\workspace\letterbox_real_pairs_20260428\spring_tier_1_of_3_ROIs1158_spring_78_p215\letterbox\sar_registered_original.png,False,letterbox,1.2576,spring,aliked,ROIs1158_spring_78_p215,tier_1_of_3,2747.91,square
True,spring_tier_1_of_3_ROIs1158_spring_78_p215_aspect,C:\Users\86158\Desktop\codxRoot\workspace\letterbox_real_pairs_20260428\spring_tier_1_of_3_ROIs1158_spring_78_p215_aspect\stretch\checkerboard.png,stretched_canvas,42.8688,7.82,,0.6875,11,16,C:\Users\86158\Desktop\codxRoot\workspace\letterbox_real_pairs_20260428\spring_tier_1_of_3_ROIs1158_spring_78_p215_aspect\stretch\lightglue_matches.png,True,14.597397,19.189079,0,True,16,C:\Users\86158\Desktop\codxRoot\workspace\letterbox_real_pairs_20260428\spring_tier_1_of_3_ROIs1158_spring_78_p215_aspect\stretch\sar_registered.png,False,stretch,1.5547,spring,aliked,ROIs1158_spring_78_p215,tier_1_of_3,3028.24,aspect_stress
False,spring_tier_1_of_3_ROIs1158_spring_78_p215_aspect,C:\Users\86158\Desktop\codxRoot\workspace\letterbox_real_pairs_20260428\spring_tier_1_of_3_ROIs1158_spring_78_p215_aspect\letterbox\checkerboard_original.png,letterbox_with_original_backprojection,40.4145,9.0,,0.1765,6,34,C:\Users\86158\Desktop\codxRoot\workspace\letterbox_real_pairs_20260428\spring_tier_1_of_3_ROIs1158_spring_78_p215_aspect\letterbox\lightglue_matches.png,True,14.597397,19.189079,0,False,34,C:\Users\86158\Desktop\codxRoot\workspace\letterbox_real_pairs_20260428\spring_tier_1_of_3_ROIs1158_spring_78_p215_aspect\letterbox\sar_registered_original.png,False,letterbox,0.7541,spring,aliked,ROIs1158_spring_78_p215,tier_1_of_3,3659.15,aspect_stress
False,spring_tier_2_of_3_ROIs1158_spring_98_p240,C:\Users\86158\Desktop\codxRoot\workspace\letterbox_real_pairs_20260428\spring_tier_2_of_3_ROIs1158_spring_98_p240\stretch\checkerboard.png,stretched_canvas,43.5443,8.07,,0.3423,38,111,C:\Users\86158\Desktop\codxRoot\workspace\letterbox_real_pairs_20260428\spring_tier_2_of_3_ROIs1158_spring_98_p240\stretch\lightglue_matches.png,True,31.044189,36.522739,0,False,111,C:\Users\86158\Desktop\codxRoot\workspace\letterbox_real_pairs_20260428\spring_tier_2_of_3_ROIs1158_spring_98_p240\stretch\sar_registered.png,True,stretch,2.2296,spring,superpoint,ROIs1158_spring_98_p240,tier_2_of_3,2821.44,square
False,spring_tier_2_of_3_ROIs1158_spring_98_p240,C:\Users\86158\Desktop\codxRoot\workspace\letterbox_real_pairs_20260428\spring_tier_2_of_3_ROIs1158_spring_98_p240\letterbox\checkerboard_original.png,letterbox_with_original_backprojection,43.4112,7.72,,0.3423,38,111,C:\Users\86158\Desktop\codxRoot\workspace\letterbox_real_pairs_20260428\spring_tier_2_of_3_ROIs1158_spring_98_p240\letterbox\lightglue_matches.png,True,31.044189,36.522739,0,False,111,C:\Users\86158\Desktop\codxRoot\workspace\letterbox_real_pairs_20260428\spring_tier_2_of_3_ROIs1158_spring_98_p240\letterbox\sar_registered_original.png,True,letterbox,2.2296,spring,superpoint,ROIs1158_spring_98_p240,tier_2_of_3,2821.55,square
False,spring_tier_2_of_3_ROIs1158_spring_98_p240_aspect,C:\Users\86158\Desktop\codxRoot\workspace\letterbox_real_pairs_20260428\spring_tier_2_of_3_ROIs1158_spring_98_p240_aspect\stretch\checkerboard.png,stretched_canvas,42.6236,8.29,,0.3662,26,71,C:\Users\86158\Desktop\codxRoot\workspace\letterbox_real_pairs_20260428\spring_tier_2_of_3_ROIs1158_spring_98_p240_aspect\stretch\lightglue_matches.png,True,31.044189,36.522739,0,False,71,C:\Users\86158\Desktop\codxRoot\workspace\letterbox_real_pairs_20260428\spring_tier_2_of_3_ROIs1158_spring_98_p240_aspect\stretch\sar_registered.png,True,stretch,1.8922,spring,aliked,ROIs1158_spring_98_p240,tier_2_of_3,2774.2,aspect_stress
True,spring_tier_2_of_3_ROIs1158_spring_98_p240_aspect,C:\Users\86158\Desktop\codxRoot\workspace\letterbox_real_pairs_20260428\spring_tier_2_of_3_ROIs1158_spring_98_p240_aspect\letterbox\checkerboard_original.png,letterbox_with_original_backprojection,41.9466,8.2,,0.3684,14,38,C:\Users\86158\Desktop\codxRoot\workspace\letterbox_real_pairs_20260428\spring_tier_2_of_3_ROIs1158_spring_98_p240_aspect\letterbox\lightglue_matches.png,True,31.044189,36.522739,0,False,38,C:\Users\86158\Desktop\codxRoot\workspace\letterbox_real_pairs_20260428\spring_tier_2_of_3_ROIs1158_spring_98_p240_aspect\letterbox\sar_registered_original.png,False,letterbox,1.8936,spring,aliked,ROIs1158_spring_98_p240,tier_2_of_3,3211.5,aspect_stress
True,spring_tier_3_of_3_ROIs1158_spring_148_p522,C:\Users\86158\Desktop\codxRoot\workspace\letterbox_real_pairs_20260428\spring_tier_3_of_3_ROIs1158_spring_148_p522\stretch\checkerboard.png,stretched_canvas,80.3137,7.97,,0.0896,6,67,C:\Users\86158\Desktop\codxRoot\workspace\letterbox_real_pairs_20260428\spring_tier_3_of_3_ROIs1158_spring_148_p522\stretch\lightglue_matches.png,True,71.364365,44.768963,0,False,67,C:\Users\86158\Desktop\codxRoot\workspace\letterbox_real_pairs_20260428\spring_tier_3_of_3_ROIs1158_spring_148_p522\stretch\sar_registered.png,False,stretch,0.6069,spring,aliked,ROIs1158_spring_148_p522,tier_3_of_3,3246.21,square
True,spring_tier_3_of_3_ROIs1158_spring_148_p522,C:\Users\86158\Desktop\codxRoot\workspace\letterbox_real_pairs_20260428\spring_tier_3_of_3_ROIs1158_spring_148_p522\letterbox\checkerboard_original.png,letterbox_with_original_backprojection,80.2631,7.49,,0.0896,6,67,C:\Users\86158\Desktop\codxRoot\workspace\letterbox_real_pairs_20260428\spring_tier_3_of_3_ROIs1158_spring_148_p522\letterbox\lightglue_matches.png,True,71.364365,44.768963,0,False,67,C:\Users\86158\Desktop\codxRoot\workspace\letterbox_real_pairs_20260428\spring_tier_3_of_3_ROIs1158_spring_148_p522\letterbox\sar_registered_original.png,False,letterbox,0.6069,spring,aliked,ROIs1158_spring_148_p522,tier_3_of_3,2700.53,square
False,spring_tier_3_of_3_ROIs1158_spring_148_p522_aspect,C:\Users\86158\Desktop\codxRoot\workspace\letterbox_real_pairs_20260428\spring_tier_3_of_3_ROIs1158_spring_148_p522_aspect\stretch\checkerboard.png,stretched_canvas,81.972,8.59,,0.1224,6,49,C:\Users\86158\Desktop\codxRoot\workspace\letterbox_real_pairs_20260428\spring_tier_3_of_3_ROIs1158_spring_148_p522_aspect\stretch\lightglue_matches.png,True,71.364365,44.768963,0,False,49,C:\Users\86158\Desktop\codxRoot\workspace\letterbox_real_pairs_20260428\spring_tier_3_of_3_ROIs1158_spring_148_p522_aspect\stretch\sar_registered.png,False,stretch,0.5614,spring,superpoint,ROIs1158_spring_148_p522,tier_3_of_3,3236.24,aspect_stress
True,spring_tier_3_of_3_ROIs1158_spring_148_p522_aspect,C:\Users\86158\Desktop\codxRoot\workspace\letterbox_real_pairs_20260428\spring_tier_3_of_3_ROIs1158_spring_148_p522_aspect\letterbox\checkerboard_original.png,letterbox_with_original_backprojection,67.8903,7.98,,1.0,4,4,C:\Users\86158\Desktop\codxRoot\workspace\letterbox_real_pairs_20260428\spring_tier_3_of_3_ROIs1158_spring_148_p522_aspect\letterbox\lightglue_matches.png,True,71.364365,44.768963,0,False,4,C:\Users\86158\Desktop\codxRoot\workspace\letterbox_real_pairs_20260428\spring_tier_3_of_3_ROIs1158_spring_148_p522_aspect\letterbox\sar_registered_original.png,False,letterbox,0.0,spring,aliked,ROIs1158_spring_148_p522,tier_3_of_3,3277.1,aspect_stress
True,summer_tier_1_of_3_summer_img_temperate_p1914,C:\Users\86158\Desktop\codxRoot\workspace\letterbox_real_pairs_20260428\summer_tier_1_of_3_summer_img_temperate_p1914\stretch\checkerboard.png,stretched_canvas,63.2988,8.08,,0.0,0,0,C:\Users\86158\Desktop\codxRoot\workspace\letterbox_real_pairs_20260428\summer_tier_1_of_3_summer_img_temperate_p1914\stretch\lightglue_matches.png,True,14.145569,18.188568,0,True,0,C:\Users\86158\Desktop\codxRoot\workspace\letterbox_real_pairs_20260428\summer_tier_1_of_3_summer_img_temperate_p1914\stretch\sar_registered.png,False,stretch,,summer,superpoint,summer_img_temperate_p1914,tier_1_of_3,2767.94,square
True,summer_tier_1_of_3_summer_img_temperate_p1914,C:\Users\86158\Desktop\codxRoot\workspace\letterbox_real_pairs_20260428\summer_tier_1_of_3_summer_img_temperate_p1914\letterbox\checkerboard.png,letterbox_canvas_no_homography,63.2988,7.45,,0.0,0,0,C:\Users\86158\Desktop\codxRoot\workspace\letterbox_real_pairs_20260428\summer_tier_1_of_3_summer_img_temperate_p1914\letterbox\lightglue_matches.png,True,14.145569,18.188568,0,True,0,C:\Users\86158\Desktop\codxRoot\workspace\letterbox_real_pairs_20260428\summer_tier_1_of_3_summer_img_temperate_p1914\letterbox\sar_registered.png,False,letterbox,,summer,superpoint,summer_img_temperate_p1914,tier_1_of_3,2632.91,square
True,summer_tier_1_of_3_summer_img_temperate_p1914_aspect,C:\Users\86158\Desktop\codxRoot\workspace\letterbox_real_pairs_20260428\summer_tier_1_of_3_summer_img_temperate_p1914_aspect\stretch\checkerboard.png,stretched_canvas,64.0802,8.04,,0.4211,8,19,C:\Users\86158\Desktop\codxRoot\workspace\letterbox_real_pairs_20260428\summer_tier_1_of_3_summer_img_temperate_p1914_aspect\stretch\lightglue_matches.png,True,14.145569,18.188568,0,True,19,C:\Users\86158\Desktop\codxRoot\workspace\letterbox_real_pairs_20260428\summer_tier_1_of_3_summer_img_temperate_p1914_aspect\stretch\sar_registered.png,False,stretch,1.5323,summer,superpoint,summer_img_temperate_p1914,tier_1_of_3,2741.12,aspect_stress
True,summer_tier_1_of_3_summer_img_temperate_p1914_aspect,C:\Users\86158\Desktop\codxRoot\workspace\letterbox_real_pairs_20260428\summer_tier_1_of_3_summer_img_temperate_p1914_aspect\letterbox\checkerboard.png,letterbox_canvas_no_homography,57.6861,7.49,,0.0,0,3,C:\Users\86158\Desktop\codxRoot\workspace\letterbox_real_pairs_20260428\summer_tier_1_of_3_summer_img_temperate_p1914_aspect\letterbox\lightglue_matches.png,True,14.145569,18.188568,0,True,3,C:\Users\86158\Desktop\codxRoot\workspace\letterbox_real_pairs_20260428\summer_tier_1_of_3_summer_img_temperate_p1914_aspect\letterbox\sar_registered.png,False,letterbox,,summer,aliked,summer_img_temperate_p1914,tier_1_of_3,2660.45,aspect_stress
True,summer_tier_2_of_3_ROIs1868_summer_57_p884,C:\Users\86158\Desktop\codxRoot\workspace\letterbox_real_pairs_20260428\summer_tier_2_of_3_ROIs1868_summer_57_p884\stretch\checkerboard.png,stretched_canvas,60.2913,7.43,,0.2444,11,45,C:\Users\86158\Desktop\codxRoot\workspace\letterbox_real_pairs_20260428\summer_tier_2_of_3_ROIs1868_summer_57_p884\stretch\lightglue_matches.png,True,26.243027,37.953582,0,False,45,C:\Users\86158\Desktop\codxRoot\workspace\letterbox_real_pairs_20260428\summer_tier_2_of_3_ROIs1868_summer_57_p884\stretch\sar_registered.png,False,stretch,1.5848,summer,superpoint,ROIs1868_summer_57_p884,tier_2_of_3,2670.52,square
True,summer_tier_2_of_3_ROIs1868_summer_57_p884,C:\Users\86158\Desktop\codxRoot\workspace\letterbox_real_pairs_20260428\summer_tier_2_of_3_ROIs1868_summer_57_p884\letterbox\checkerboard_original.png,letterbox_with_original_backprojection,60.2435,8.1,,0.2444,11,45,C:\Users\86158\Desktop\codxRoot\workspace\letterbox_real_pairs_20260428\summer_tier_2_of_3_ROIs1868_summer_57_p884\letterbox\lightglue_matches.png,True,26.243027,37.953582,0,False,45,C:\Users\86158\Desktop\codxRoot\workspace\letterbox_real_pairs_20260428\summer_tier_2_of_3_ROIs1868_summer_57_p884\letterbox\sar_registered_original.png,False,letterbox,1.5848,summer,superpoint,ROIs1868_summer_57_p884,tier_2_of_3,2779.72,square
False,summer_tier_2_of_3_ROIs1868_summer_57_p884_aspect,C:\Users\86158\Desktop\codxRoot\workspace\letterbox_real_pairs_20260428\summer_tier_2_of_3_ROIs1868_summer_57_p884_aspect\stretch\checkerboard.png,stretched_canvas,53.2379,7.47,,0.3333,10,30,C:\Users\86158\Desktop\codxRoot\workspace\letterbox_real_pairs_20260428\summer_tier_2_of_3_ROIs1868_summer_57_p884_aspect\stretch\lightglue_matches.png,True,26.243027,37.953582,0,False,30,C:\Users\86158\Desktop\codxRoot\workspace\letterbox_real_pairs_20260428\summer_tier_2_of_3_ROIs1868_summer_57_p884_aspect\stretch\sar_registered.png,True,stretch,1.3216,summer,aliked,ROIs1868_summer_57_p884,tier_2_of_3,2690.66,aspect_stress
False,summer_tier_2_of_3_ROIs1868_summer_57_p884_aspect,C:\Users\86158\Desktop\codxRoot\workspace\letterbox_real_pairs_20260428\summer_tier_2_of_3_ROIs1868_summer_57_p884_aspect\letterbox\checkerboard_original.png,letterbox_with_original_backprojection,52.8862,8.13,,0.3333,7,21,C:\Users\86158\Desktop\codxRoot\workspace\letterbox_real_pairs_20260428\summer_tier_2_of_3_ROIs1868_summer_57_p884_aspect\letterbox\lightglue_matches.png,True,26.243027,37.953582,0,False,21,C:\Users\86158\Desktop\codxRoot\workspace\letterbox_real_pairs_20260428\summer_tier_2_of_3_ROIs1868_summer_57_p884_aspect\letterbox\sar_registered_original.png,False,letterbox,1.3939,summer,superpoint,ROIs1868_summer_57_p884,tier_2_of_3,2722.42,aspect_stress
False,summer_tier_3_of_3_ROIs1868_summer_41_p174,C:\Users\86158\Desktop\codxRoot\workspace\letterbox_real_pairs_20260428\summer_tier_3_of_3_ROIs1868_summer_41_p174\stretch\checkerboard.png,stretched_canvas,63.4164,8.09,,0.5719,167,292,C:\Users\86158\Desktop\codxRoot\workspace\letterbox_real_pairs_20260428\summer_tier_3_of_3_ROIs1868_summer_41_p174\stretch\lightglue_matches.png,True,65.15448,68.709016,0,False,292,C:\Users\86158\Desktop\codxRoot\workspace\letterbox_real_pairs_20260428\summer_tier_3_of_3_ROIs1868_summer_41_p174\stretch\sar_registered.png,True,stretch,1.8754,summer,superpoint,ROIs1868_summer_41_p174,tier_3_of_3,2792.25,square
False,summer_tier_3_of_3_ROIs1868_summer_41_p174,C:\Users\86158\Desktop\codxRoot\workspace\letterbox_real_pairs_20260428\summer_tier_3_of_3_ROIs1868_summer_41_p174\letterbox\checkerboard_original.png,letterbox_with_original_backprojection,63.2583,8.07,,0.5719,167,292,C:\Users\86158\Desktop\codxRoot\workspace\letterbox_real_pairs_20260428\summer_tier_3_of_3_ROIs1868_summer_41_p174\letterbox\lightglue_matches.png,True,65.15448,68.709016,0,False,292,C:\Users\86158\Desktop\codxRoot\workspace\letterbox_real_pairs_20260428\summer_tier_3_of_3_ROIs1868_summer_41_p174\letterbox\sar_registered_original.png,True,letterbox,1.8754,summer,superpoint,ROIs1868_summer_41_p174,tier_3_of_3,2743.97,square
False,summer_tier_3_of_3_ROIs1868_summer_41_p174_aspect,C:\Users\86158\Desktop\codxRoot\workspace\letterbox_real_pairs_20260428\summer_tier_3_of_3_ROIs1868_summer_41_p174_aspect\stretch\checkerboard.png,stretched_canvas,63.6256,8.03,,0.1724,15,87,C:\Users\86158\Desktop\codxRoot\workspace\letterbox_real_pairs_20260428\summer_tier_3_of_3_ROIs1868_summer_41_p174_aspect\stretch\lightglue_matches.png,True,65.15448,68.709016,0,False,87,C:\Users\86158\Desktop\codxRoot\workspace\letterbox_real_pairs_20260428\summer_tier_3_of_3_ROIs1868_summer_41_p174_aspect\stretch\sar_registered.png,False,stretch,1.8384,summer,aliked,ROIs1868_summer_41_p174,tier_3_of_3,3238.87,aspect_stress
False,summer_tier_3_of_3_ROIs1868_summer_41_p174_aspect,C:\Users\86158\Desktop\codxRoot\workspace\letterbox_real_pairs_20260428\summer_tier_3_of_3_ROIs1868_summer_41_p174_aspect\letterbox\checkerboard_original.png,letterbox_with_original_backprojection,66.0627,8.6,,0.3095,13,42,C:\Users\86158\Desktop\codxRoot\workspace\letterbox_real_pairs_20260428\summer_tier_3_of_3_ROIs1868_summer_41_p174_aspect\letterbox\lightglue_matches.png,True,65.15448,68.709016,0,False,42,C:\Users\86158\Desktop\codxRoot\workspace\letterbox_real_pairs_20260428\summer_tier_3_of_3_ROIs1868_summer_41_p174_aspect\letterbox\sar_registered_original.png,True,letterbox,1.7201,summer,superpoint,ROIs1868_summer_41_p174,tier_3_of_3,3275.73,aspect_stress
True,winter_tier_1_of_3_ROIs2017_winter_9_p18,C:\Users\86158\Desktop\codxRoot\workspace\letterbox_real_pairs_20260428\winter_tier_1_of_3_ROIs2017_winter_9_p18\stretch\checkerboard.png,stretched_canvas,31.3171,8.05,,0.5,5,10,C:\Users\86158\Desktop\codxRoot\workspace\letterbox_real_pairs_20260428\winter_tier_1_of_3_ROIs2017_winter_9_p18\stretch\lightglue_matches.png,True,14.393478,19.398716,0,False,10,C:\Users\86158\Desktop\codxRoot\workspace\letterbox_real_pairs_20260428\winter_tier_1_of_3_ROIs2017_winter_9_p18\stretch\sar_registered.png,False,stretch,1.0773,winter,superpoint,ROIs2017_winter_9_p18,tier_1_of_3,3236.79,square
True,winter_tier_1_of_3_ROIs2017_winter_9_p18,C:\Users\86158\Desktop\codxRoot\workspace\letterbox_real_pairs_20260428\winter_tier_1_of_3_ROIs2017_winter_9_p18\letterbox\checkerboard_original.png,letterbox_with_original_backprojection,31.317,8.12,,0.5,5,10,C:\Users\86158\Desktop\codxRoot\workspace\letterbox_real_pairs_20260428\winter_tier_1_of_3_ROIs2017_winter_9_p18\letterbox\lightglue_matches.png,True,14.393478,19.398716,0,False,10,C:\Users\86158\Desktop\codxRoot\workspace\letterbox_real_pairs_20260428\winter_tier_1_of_3_ROIs2017_winter_9_p18\letterbox\sar_registered_original.png,False,letterbox,1.0773,winter,superpoint,ROIs2017_winter_9_p18,tier_1_of_3,2764.73,square
True,winter_tier_1_of_3_ROIs2017_winter_9_p18_aspect,C:\Users\86158\Desktop\codxRoot\workspace\letterbox_real_pairs_20260428\winter_tier_1_of_3_ROIs2017_winter_9_p18_aspect\stretch\checkerboard.png,stretched_canvas,31.4294,8.11,,0.3103,9,29,C:\Users\86158\Desktop\codxRoot\workspace\letterbox_real_pairs_20260428\winter_tier_1_of_3_ROIs2017_winter_9_p18_aspect\stretch\lightglue_matches.png,True,14.393478,19.398716,0,False,29,C:\Users\86158\Desktop\codxRoot\workspace\letterbox_real_pairs_20260428\winter_tier_1_of_3_ROIs2017_winter_9_p18_aspect\stretch\sar_registered.png,False,stretch,1.3892,winter,aliked,ROIs2017_winter_9_p18,tier_1_of_3,3269.17,aspect_stress
True,winter_tier_1_of_3_ROIs2017_winter_9_p18_aspect,C:\Users\86158\Desktop\codxRoot\workspace\letterbox_real_pairs_20260428\winter_tier_1_of_3_ROIs2017_winter_9_p18_aspect\letterbox\checkerboard_original.png,letterbox_with_original_backprojection,34.1475,7.48,,0.5455,6,11,C:\Users\86158\Desktop\codxRoot\workspace\letterbox_real_pairs_20260428\winter_tier_1_of_3_ROIs2017_winter_9_p18_aspect\letterbox\lightglue_matches.png,True,14.393478,19.398716,0,False,11,C:\Users\86158\Desktop\codxRoot\workspace\letterbox_real_pairs_20260428\winter_tier_1_of_3_ROIs2017_winter_9_p18_aspect\letterbox\sar_registered_original.png,False,letterbox,0.8215,winter,superpoint,ROIs2017_winter_9_p18,tier_1_of_3,2703.71,aspect_stress
False,winter_tier_2_of_3_ROIs2017_winter_37_p189,C:\Users\86158\Desktop\codxRoot\workspace\letterbox_real_pairs_20260428\winter_tier_2_of_3_ROIs2017_winter_37_p189\stretch\checkerboard.png,stretched_canvas,86.417,8.07,,0.5,22,44,C:\Users\86158\Desktop\codxRoot\workspace\letterbox_real_pairs_20260428\winter_tier_2_of_3_ROIs2017_winter_37_p189\stretch\lightglue_matches.png,True,19.195374,66.53819,0,False,44,C:\Users\86158\Desktop\codxRoot\workspace\letterbox_real_pairs_20260428\winter_tier_2_of_3_ROIs2017_winter_37_p189\stretch\sar_registered.png,True,stretch,1.9809,winter,aliked,ROIs2017_winter_37_p189,tier_2_of_3,2832.85,square
False,winter_tier_2_of_3_ROIs2017_winter_37_p189,C:\Users\86158\Desktop\codxRoot\workspace\letterbox_real_pairs_20260428\winter_tier_2_of_3_ROIs2017_winter_37_p189\letterbox\checkerboard_original.png,letterbox_with_original_backprojection,85.7658,8.5,,0.5,22,44,C:\Users\86158\Desktop\codxRoot\workspace\letterbox_real_pairs_20260428\winter_tier_2_of_3_ROIs2017_winter_37_p189\letterbox\lightglue_matches.png,True,19.195374,66.53819,0,False,44,C:\Users\86158\Desktop\codxRoot\workspace\letterbox_real_pairs_20260428\winter_tier_2_of_3_ROIs2017_winter_37_p189\letterbox\sar_registered_original.png,True,letterbox,1.9809,winter,aliked,ROIs2017_winter_37_p189,tier_2_of_3,2860.62,square
True,winter_tier_2_of_3_ROIs2017_winter_37_p189_aspect,C:\Users\86158\Desktop\codxRoot\workspace\letterbox_real_pairs_20260428\winter_tier_2_of_3_ROIs2017_winter_37_p189_aspect\stretch\checkerboard.png,stretched_canvas,87.0357,7.6,,0.3889,7,18,C:\Users\86158\Desktop\codxRoot\workspace\letterbox_real_pairs_20260428\winter_tier_2_of_3_ROIs2017_winter_37_p189_aspect\stretch\lightglue_matches.png,True,19.195374,66.53819,0,False,18,C:\Users\86158\Desktop\codxRoot\workspace\letterbox_real_pairs_20260428\winter_tier_2_of_3_ROIs2017_winter_37_p189_aspect\stretch\sar_registered.png,False,stretch,1.0296,winter,aliked,ROIs2017_winter_37_p189,tier_2_of_3,2721.46,aspect_stress
False,winter_tier_2_of_3_ROIs2017_winter_37_p189_aspect,C:\Users\86158\Desktop\codxRoot\workspace\letterbox_real_pairs_20260428\winter_tier_2_of_3_ROIs2017_winter_37_p189_aspect\letterbox\checkerboard_original.png,letterbox_with_original_backprojection,89.2167,7.45,,0.5281,47,89,C:\Users\86158\Desktop\codxRoot\workspace\letterbox_real_pairs_20260428\winter_tier_2_of_3_ROIs2017_winter_37_p189_aspect\letterbox\lightglue_matches.png,True,19.195374,66.53819,0,False,89,C:\Users\86158\Desktop\codxRoot\workspace\letterbox_real_pairs_20260428\winter_tier_2_of_3_ROIs2017_winter_37_p189_aspect\letterbox\sar_registered_original.png,True,letterbox,1.6531,winter,superpoint,ROIs2017_winter_37_p189,tier_2_of_3,2659.25,aspect_stress
False,winter_tier_3_of_3_ROIs2017_winter_34_p246,C:\Users\86158\Desktop\codxRoot\workspace\letterbox_real_pairs_20260428\winter_tier_3_of_3_ROIs2017_winter_34_p246\stretch\checkerboard.png,stretched_canvas,77.7081,8.65,,0.0909,8,88,C:\Users\86158\Desktop\codxRoot\workspace\letterbox_real_pairs_20260428\winter_tier_3_of_3_ROIs2017_winter_34_p246\stretch\lightglue_matches.png,True,78.84314,42.955697,0,False,88,C:\Users\86158\Desktop\codxRoot\workspace\letterbox_real_pairs_20260428\winter_tier_3_of_3_ROIs2017_winter_34_p246\stretch\sar_registered.png,False,stretch,1.2758,winter,superpoint,ROIs2017_winter_34_p246,tier_3_of_3,3209.73,square
False,winter_tier_3_of_3_ROIs2017_winter_34_p246,C:\Users\86158\Desktop\codxRoot\workspace\letterbox_real_pairs_20260428\winter_tier_3_of_3_ROIs2017_winter_34_p246\letterbox\checkerboard_original.png,letterbox_with_original_backprojection,77.6969,7.47,,0.0909,8,88,C:\Users\86158\Desktop\codxRoot\workspace\letterbox_real_pairs_20260428\winter_tier_3_of_3_ROIs2017_winter_34_p246\letterbox\lightglue_matches.png,True,78.84314,42.955697,0,False,88,C:\Users\86158\Desktop\codxRoot\workspace\letterbox_real_pairs_20260428\winter_tier_3_of_3_ROIs2017_winter_34_p246\letterbox\sar_registered_original.png,False,letterbox,1.2758,winter,superpoint,ROIs2017_winter_34_p246,tier_3_of_3,2671.62,square
True,winter_tier_3_of_3_ROIs2017_winter_34_p246_aspect,C:\Users\86158\Desktop\codxRoot\workspace\letterbox_real_pairs_20260428\winter_tier_3_of_3_ROIs2017_winter_34_p246_aspect\stretch\checkerboard.png,stretched_canvas,81.6687,8.0,,0.2778,5,18,C:\Users\86158\Desktop\codxRoot\workspace\letterbox_real_pairs_20260428\winter_tier_3_of_3_ROIs2017_winter_34_p246_aspect\stretch\lightglue_matches.png,True,78.84314,42.955697,0,False,18,C:\Users\86158\Desktop\codxRoot\workspace\letterbox_real_pairs_20260428\winter_tier_3_of_3_ROIs2017_winter_34_p246_aspect\stretch\sar_registered.png,False,stretch,0.9067,winter,aliked,ROIs2017_winter_34_p246,tier_3_of_3,2638.8,aspect_stress
False,winter_tier_3_of_3_ROIs2017_winter_34_p246_aspect,C:\Users\86158\Desktop\codxRoot\workspace\letterbox_real_pairs_20260428\winter_tier_3_of_3_ROIs2017_winter_34_p246_aspect\letterbox\checkerboard_original.png,letterbox_with_original_backprojection,81.8206,7.43,,0.24,6,25,C:\Users\86158\Desktop\codxRoot\workspace\letterbox_real_pairs_20260428\winter_tier_3_of_3_ROIs2017_winter_34_p246_aspect\letterbox\lightglue_matches.png,True,78.84314,42.955697,0,False,25,C:\Users\86158\Desktop\codxRoot\workspace\letterbox_real_pairs_20260428\winter_tier_3_of_3_ROIs2017_winter_34_p246_aspect\letterbox\sar_registered_original.png,False,letterbox,1.0352,winter,aliked,ROIs2017_winter_34_p246,tier_3_of_3,2695.98,aspect_stress
